Word	Count
være	26
mange	26
nytt	26
godt	26
nye	26
har	26
år	26
står	26
er	26
kommer	25
viktig	25
tid	25
dag	25
blir	25
stor	25
mennesker	25
verden	24
ta	24
var	24
gjør	24
norske	24
land	24
mer	24
vært	23
livet	23
året	23
stadig	23
trenger	23
se	22
gode	22
få	22
store	22
norge	22
gi	22
unge	21
vet	21
gir	21
flere	21
bli	21
barn	20
samtidig	20
god	20
ønsker	20
møte	20
samfunn	20
lever	20
la	20
får	19
måte	19
gjøre	19
folk	19
sett	19
siste	19
kveld	19
ha	19
landet	19
ser	19
ofte	19
håp	19
leve	18
gå	18
større	18
hele	18
beste	18
mest	18
går	18
gått	18
felles	18
liv	17
ansvar	17
verdier	17
innsats	17
synes	17
mye	17
tror	17
tidligere	17
bidra	17
gjelder	17
del	17
helt	17
bedre	16
deler	16
nordmenn	16
ligger	16
spesielt	16
vare	16
stort	16
arbeid	15
komme	15
uttrykk	15
fred	15
skape	15
gamle	15
fått	15
litt	15
rett	15
utfordringer	15
grunn	15
blitt	15
fikk	14
tiden	14
dronningen	14
kom	14
stå	14
glede	14
tro	14
videre	14
vanskelig	14
samfunnet	14
utvikle	14
sier	14
hjelpe	13
langt	13
gang	13
gikk	13
finne	13
viktige	13
opplevd	13
lett	13
holde	13
føler	13
generasjoner	13
ulike	13
anledning	13
fleste	13
inntrykk	13
mistet	13
viktigste	13
trygghet	13
opplever	13
tar	13
historie	13
familie	13
føle	12
takk	12
oppmerksomhet	12
forhold	12
verdens	12
tanker	12
fellesskapet	12
medmennesker	12
samarbeid	12
nasjon	12
kjære	12
minst	12
vold	12
varme	12
menneske	12
muligheter	12
viser	12
landets	12
ny	12
internasjonale	12
møter	11
fast	11
ungdom	11
svært	11
snakke	11
klarer	11
håper	11
ønske	11
omsorg	11
kjenner	11
bidrar	11
ekstra	11
preget	11
sa	11
enkelt	11
ord	11
glad	11
respekt	11
høst	11
arbeidet	11
nyttårsaften	11
plass	11
små	11
finnes	11
krav	11
eldre	11
betydning	11
oppleve	11
stille	10
dagens	10
fellesskap	10
senere	10
norsk	10
moderne	10
lære	10
sette	10
si	10
sommer	10
europa	10
utfordring	10
økende	10
voksne	10
sted	10
naturlig	10
spesiell	10
kommende	10
barna	10
hadde	10
minnet	10
liten	10
lenger	10
fremtiden	9
sliter	9
bruke	9
verdi	9
tider	9
venner	9
forståelse	9
skjer	9
sammenheng	9
ressurser	9
gitt	9
kraft	9
påminnelse	9
organisasjoner	9
forskjellige	9
arbeidslivet	9
tradisjoner	9
sterkt	9
eksempel	9
frivillige	9
hverdag	9
ble	9
følge	9
klart	9
krever	9
markert	9
bygge	9
dager	9
dypt	9
eksempler	9
tenke	9
slottet	9
grad	9
mulig	9
samlet	9
frihet	9
bruk	9
konflikter	9
styrke	9
mulighet	9
gjort	9
løpet	9
lettere	9
lys	9
hverdagen	9
levende	8
steder	8
skaper	8
lite	8
krig	8
årets	8
sosiale	8
demokrati	8
sorg	8
forstå	8
måter	8
lenge	8
kampen	8
grunnleggende	8
virkelig	8
menneskelige	8
vondt	8
engasjement	8
kultur	8
styrker	8
nød	8
glemme	8
hilsen	8
prøve	8
opplevde	8
norges	8
vise	8
mindre	8
særlig	8
alvorlig	8
folket	8
oppgave	8
tvers	8
rekke	8
skrev	8
sykdom	8
takke	8
verdsette	8
oslo	8
stabilitet	8
hører	8
minner	8
familien	8
grenser	8
skapes	8
generasjon	8
bruker	8
født	8
ganger	8
riktig	8
hardt	8
årene	8
kvinner	8
miste	8
ga	8
heter	8
gjorde	8
enkelte	8
satt	8
rette	8
livets	8
handler	8
politiet	7
meninger	7
berømme	7
mennesket	7
dagene	7
solidaritet	7
jul	7
rammet	7
hjelp	7
internasjonal	7
fattigdom	7
kunnskap	7
fall	7
kulturelle	7
mørke	7
bære	7
kort	7
kulturer	7
legge	7
gleder	7
reise	7
nær	7
bærer	7
enkeltpersoner	7
anledningen	7
enkeltmennesker	7
sende	7
lagt	7
prege	7
barns	7
kommet	7
økonomi	7
støtte	7
sitter	7
kloden	7
sterk	7
freden	7
tenker	7
hatt	7
menneskerettigheter	7
nasjoner	7
skje	7
viss	7
rom	7
veien	7
trygg	7
globalt	7
mål	7
situasjon	7
utvikling	7
lider	7
naturen	7
opplevelser	7
tradisjon	7
politiske	7
knyttet	7
avhengige	7
uro	7
finner	7
humanitære	7
valg	7
måten	7
mangfold	7
opplevelse	6
arbeide	6
bringe	6
bygger	6
ferd	6
helse	6
fremmed	6
henger	6
mangt	6
initiativ	6
lytte	6
forsvaret	6
krefter	6
problem	6
sterke	6
mulighetene	6
sak	6
sagt	6
betydelig	6
søker	6
gleden	6
reiser	6
nærmeste	6
menneskeliv	6
varmen	6
sikkert	6
åpne	6
raushet	6
velstand	6
spør	6
kongefamilien	6
års	6
høytiden	6
kjent	6
ukjent	6
tapet	6
spørsmålet	6
merke	6
rammer	6
virkeligheten	6
fortsette	6
byer	6
morgen	6
økonomiske	6
omfattende	6
prøver	6
sterkere	6
lands	6
tydelig	6
delta	6
fremtid	6
imponerende	6
forbindelse	6
befolkningen	6
lange	6
militære	6
selvfølge	6
tatt	6
setter	6
opptatt	6
overgrep	6
utgangspunkt	6
dele	6
sender	6
gave	6
tegn	6
menneskeverd	6
sider	6
jente	6
konsekvenser	6
brev	6
føre	6
akseptere	6
funnet	6
øyne	6
ivareta	6
innsatsen	6
evne	6
første	6
tilværelsen	6
skolen	6
behov	6
største	6
ting	6
fylt	6
områder	6
arrangementer	6
uttrykker	6
frykt	6
utviklingen	6
sikre	6
krigen	6
virke	6
nærmere	6
løse	6
vist	6
besøk	6
historien	6
pris	5
klokskap	5
landegrensene	5
nevne	5
hold	5
tapt	5
lidelser	5
olje	5
levd	5
egentlig	5
sikker	5
avhengig	5
siden	5
verdenssamfunnet	5
bor	5
kulturell	5
situasjonen	5
lykke	5
ulykker	5
stolte	5
usikkerhet	5
åpenhet	5
tok	5
fredelig	5
beskytte	5
kontakt	5
verdifulle	5
høstens	5
vokse	5
trekke	5
solid	5
utvilsomt	5
hørt	5
settes	5
kamp	5
bevisst	5
millioner	5
far	5
ført	5
verdenskrig	5
debatten	5
unngå	5
ledere	5
utfordringene	5
mottar	5
kjærlighet	5
nærhet	5
sikkerhet	5
velge	5
kloke	5
lang	5
lov	5
snart	5
fn	5
lært	5
grunnlaget	5
møtt	5
konflikt	5
bevare	5
julen	5
stilles	5
grupper	5
stedet	5
tusen	5
slutt	5
samtaler	5
preger	5
jorden	5
takle	5
fortelle	5
lærer	5
holdninger	5
befolkning	5
klare	5
frivillig	5
fare	5
fyller	5
stiller	5
forpliktende	5
internasjonalt	5
mang	5
styrken	5
arv	5
daglig	5
tillit	5
bok	5
side	5
kjempe	5
bryr	5
hilse	5
foreldre	5
følelse	5
betydningen	5
handlinger	5
nødvendig	5
menneskets	5
husker	5
verdien	5
besøke	5
bidratt	5
nære	5
møtes	5
demokratiske	5
benytte	5
mister	5
bo	5
ytre	5
svalbard	5
problemer	5
feiringen	5
konsekvensene	5
lykkes	5
hel	5
tunge	5
forståelig	5
fint	5
lese	5
hjemmet	5
økt	5
våge	5
gjøres	5
optimisme	5
vekt	5
erfaring	5
verdiene	5
hat	5
løsninger	5
gammel	5
høre	5
mat	5
dramatisk	5
sårbare	5
rettigheter	5
spørre	5
bakgrunn	5
flinkere	5
gjerning	5
knapt	5
fører	5
troen	5
fokus	5
trygge	5
identitet	5
publikum	5
klær	5
røtter	5
drømmer	5
skriver	5
bilder	5
velger	5
betyr	5
felleskap	5
besøkte	5
dikt	5
tidlig	5
alvor	5
plutselig	4
skrive	4
vilje	4
heldige	4
forteller	4
natur	4
tvil	4
press	4
klokt	4
området	4
hudfarge	4
kristne	4
grunnlag	4
løfte	4
slett	4
usa	4
viste	4
kongen	4
begivenheter	4
muligheten	4
følger	4
mann	4
timer	4
psykisk	4
hente	4
åpen	4
myndigheter	4
kriser	4
kirken	4
posisjon	4
sentrale	4
forstår	4
forholde	4
opprettholde	4
faller	4
positivt	4
svar	4
minne	4
mangfoldet	4
legger	4
internett	4
bestefar	4
medier	4
slutten	4
toleranse	4
situasjoner	4
kulturelt	4
sorgen	4
utlandet	4
penger	4
godene	4
tids	4
åpnet	4
raskt	4
rikt	4
enkle	4
tragedien	4
økonomisk	4
uskyldige	4
religioner	4
relasjoner	4
suksess	4
ansatte	4
menneskeheten	4
vokser	4
kysten	4
enkeltmenneskers	4
tryggere	4
tåle	4
annerledes	4
nyte	4
høyt	4
ro	4
stede	4
møtesteder	4
galt	4
de	4
lar	4
berikelse	4
folks	4
gjerninger	4
sitte	4
afghanistan	4
trygt	4
fullt	4
veldig	4
kjenne	4
forstått	4
nyttig	4
historiene	4
hjelpeorganisasjoner	4
vanskelige	4
område	4
oppgaver	4
goder	4
forente	4
idealer	4
januar	4
hender	4
utenrikstjenesten	4
levestandard	4
gutt	4
best	4
viktigere	4
samtid	4
innhold	4
ildsjeler	4
næringsliv	4
politikk	4
bedrifter	4
kong	4
medmenneskelighet	4
ordene	4
gammelt	4
media	4
tanke	4
menneskelig	4
bry	4
alder	4
legges	4
enestående	4
ansvaret	4
møtet	4
retning	4
skjebne	4
ordet	4
så	4
bekymringer	4
offentlige	4
skrevet	4
oppfatning	4
markerer	4
mener	4
spenning	4
foreldrene	4
starter	4
utdanning	4
fortalte	4
positive	4
arena	4
skapt	4
slått	4
oppdrag	4
snu	4
bilde	4
forholdene	4
truer	4
fortiden	4
forandring	4
fredsbevarende	4
villige	4
humanitært	4
fundament	4
familier	4
utallige	4
håpet	4
vei	4
hilsener	4
rikdom	4
samtalen	4
gjensidig	4
fordommer	4
besteforeldre	4
falt	4
fremgang	4
bety	4
kreve	4
personlig	4
løsning	4
forskjeller	4
markere	4
uker	4
arenaer	4
verdighet	4
tungt	4
uttrykke	4
global	4
flukt	4
erkjenner	4
menneskene	4
rolle	4
bevissthet	4
fortjener	4
omgivelser	4
problemene	4
pågangsmot	4
skjedd	4
søke	4
feiret	4
slå	4
miljø	4
dagen	4
omtanke	4
nytte	4
menn	4
trekker	4
tillegg	4
tett	4
arbeider	4
forsvinner	4
faktisk	3
overgangen	3
landskap	3
utvikler	3
kunst	3
oppnå	3
julens	3
enighet	3
jorda	3
samles	3
interessant	3
utrolig	3
undersøkelse	3
tragedier	3
ufred	3
fortid	3
feste	3
solide	3
påvirke	3
våren	3
tilgjengelig	3
fns	3
leste	3
aktivitet	3
nestekjærlighet	3
hånd	3
varmet	3
naturens	3
dikteren	3
tradisjonelt	3
skjønner	3
klar	3
enige	3
religiøse	3
passere	3
forskjellene	3
flinke	3
gledet	3
inngangen	3
bringer	3
ettertanke	3
forsterket	3
samfunnsutviklingen	3
snakker	3
arbeidsplasser	3
jord	3
understreker	3
forårsaket	3
leves	3
bestemt	3
forandrer	3
reisen	3
ødelagt	3
kortere	3
endre	3
syk	3
teknologi	3
driver	3
vakt	3
ofre	3
fritt	3
kritisk	3
øyeblikk	3
pakistan	3
bekjempe	3
stått	3
utviklet	3
virkelighet	3
tilværelse	3
dypere	3
stanse	3
syke	3
holder	3
spiller	3
verdt	3
fort	3
død	3
møtte	3
vesaas	3
ukjente	3
finanskrisen	3
debatter	3
landsdel	3
bevisste	3
omgivelsene	3
lyse	3
mening	3
engasjementet	3
veivisere	3
lindre	3
lyst	3
stilling	3
virksomheten	3
yngste	3
tv-aksjon	3
interesse	3
foreldrenes	3
hjemland	3
milepæl	3
plan	3
lover	3
travelt	3
markeringen	3
full	3
savnet	3
klimaendringene	3
varmt	3
gripe	3
avstand	3
kjennskap	3
erstatte	3
materielle	3
tragiske	3
menneskers	3
håpe	3
universiteter	3
takknemlige	3
plikt	3
utenlands	3
begynnelsen	3
felt	3
demokratiet	3
lege	3
sentralt	3
midler	3
fritid	3
beskyttelse	3
foregår	3
truende	3
menneskerettighetene	3
globale	3
kravene	3
gruppe	3
praksis	3
tap	3
kjær	3
hindre	3
merket	3
mottatt	3
hjemmene	3
veier	3
startet	3
olav	3
forsøke	3
varm	3
sammenhenger	3
samtale	3
kreativitet	3
bygget	3
familiemedlem	3
aspekt	3
utfordrende	3
utsettes	3
sunt	3
klimaendringer	3
krafttak	3
sist	3
uenige	3
forskjellig	3
periode	3
offentlig	3
fremst	3
oftere	3
synger	3
budskap	3
ytringsfriheten	3
bekymring	3
bygges	3
fremheve	3
regi	3
stående	3
vonde	3
midtøsten	3
forankring	3
fødsel	3
nyter	3
tusener	3
savner	3
råd	3
voksende	3
forstand	3
glade	3
politi	3
fineste	3
mobbing	3
tak	3
spor	3
arbeidsledigheten	3
arven	3
pårørende	3
klode	3
styrket	3
utrygghet	3
handlekraft	3
yter	3
bryter	3
befinner	3
kulturbakgrunn	3
intervju	3
revet	3
øynene	3
brutte	3
inkluderende	3
oppslutning	3
ol	3
ensomheten	3
tiltak	3
kampanje	3
hjertelig	3
skoler	3
tidene	3
virker	3
redsel	3
nasjonale	3
belastning	3
stod	3
selvstendige	3
øket	3
ytterligere	3
anerkjennelse	3
krevende	3
europeiske	3
sjelden	3
forsøk	3
engasjerer	3
samle	3
oppfatninger	3
hjelpearbeid	3
skjørt	3
hilser	3
ansikt	3
fredens	3
for	3
måneder	3
avgjørende	3
uke	3
behøver	3
mangel	3
utsatte	3
ressursene	3
optimist	3
brukt	3
våpen	3
gledelig	3
dialog	3
engasjere	3
gis	3
arbeidsledighet	3
spesielle	3
gutten	3
oppleves	3
bredt	3
angår	3
smerten	3
ensomhet	3
fornyet	3
privilegerte	3
jevne	3
medfølelse	3
sant	3
lokale	3
gaver	3
forbilder	3
ekteskap	3
fattigste	3
oppnådd	3
lyser	3
personlige	3
yte	3
følelsen	3
slår	3
sjel	3
lærere	3
grunner	3
livsutfoldelse	3
virksomhet	3
truet	3
angst	3
representerer	3
forme	3
slottsplassen	3
rive	3
fordeling	3
betydningsfulle	3
egenart	3
føles	3
tør	3
landegrenser	3
lille	3
våger	3
forskning	3
askeladden	3
hyggelig	3
trondheim	3
frie	3
sosialt	3
viljen	3
mediene	3
utgangspunktet	3
nabo	3
tilstedeværelse	3
oppstår	3
skjedde	3
grensene	3
styre	3
tjeneste	3
ytringsfrihet	3
etablere	3
muslimer	3
ondt	3
friheten	3
forventningspress	3
rot	3
bekymret	3
livserfaring	3
friske	3
personer	3
antall	3
samfunnets	3
fylle	3
understreke	3
dreier	3
utfører	3
savn	3
forsvar	3
terskelen	3
arbeidsplassen	3
november	3
resultater	3
erkjennelse	3
temaer	3
reflektere	3
langsiktige	3
fredelige	3
umiddelbare	3
slekt	3
takket	3
følelser	3
handling	3
øker	3
bånd	3
visdom	3
flott	3
tanken	3
naboer	3
årsskifte	3
faktorer	2
misbruk	2
mai	2
gevinst	2
honnør	2
førte	2
latter	2
hverdagslige	2
tung	2
bryte	2
resultat	2
prosessen	2
dugnadsånden	2
ståsted	2
innebærer	2
aggresjon	2
vissheten	2
langvarig	2
helhet	2
katastrofer	2
målene	2
barne	2
forventninger	2
forebyggende	2
interessemotsetninger	2
fredsarbeid	2
fremtidens	2
nødlidende	2
åpent	2
strekker	2
fysisk	2
ydmykhet	2
friluftslivets	2
fin	2
forenes	2
slutter	2
hen	2
havet	2
leder	2
fremsynte	2
faren	2
naturkreftene	2
inntekt	2
forplikte	2
falle	2
musikk	2
uavhengig	2
når	2
henrik	2
bevisstheten	2
kaffe	2
hende	2
ødeleggelser	2
paragrafene	2
skremmende	2
ordninger	2
åpningen	2
venn	2
reagerer	2
kulturminner	2
oppmuntre	2
satte	2
raust	2
fremstår	2
verdifullt	2
former	2
luft	2
tur	2
bekymrer	2
kvinnelige	2
mellomrom	2
svikter	2
ansikter	2
særdeleshet	2
forventning	2
drøm	2
gav	2
takknemlighet	2
terror	2
byens	2
hjelper	2
yngre	2
enklere	2
kopp	2
verdensøkonomien	2
fantastiske	2
slekters	2
brukes	2
forårsaker	2
blåser	2
medelever	2
feiring	2
ytterst	2
yrkesgruppe	2
mangelvare	2
bjørnstjerne	2
tankevekkende	2
nytter	2
vite	2
trønderne	2
således	2
hevder	2
partner	2
drømme	2
oppfordring	2
fjellvann	2
mørket	2
berørt	2
planlegging	2
negative	2
urett	2
laget	2
felleseie	2
fylker	2
velferd	2
flerkulturelle	2
gjennomføre	2
sakte	2
meste	2
inspirasjon	2
russland	2
finanskriser	2
myter	2
klimaet	2
tilbakeblikk	2
lekene	2
nordligste	2
indre	2
tilstrekkelig	2
strøk	2
sår	2
enkeltes	2
operasjoner	2
svarte	2
lokalmiljøet	2
selvironi	2
nobels	2
vern	2
ideer	2
resten	2
ubegripelige	2
øvrig	2
linje	2
ære	2
selvsagte	2
forbindelser	2
miljøet	2
begynte	2
forvalte	2
treffer	2
vanskeligere	2
valgte	2
be	2
interessante	2
raskere	2
begivenhet	2
størst	2
sokkel	2
forskjellighet	2
livsviktig	2
ungdommen	2
livsgrunnlaget	2
hjem	2
helheten	2
fantastisk	2
fotspor	2
vil	2
i.	2
vedtatt	2
trekkes	2
trinn	2
mobberne	2
undset	2
demokratiets	2
avsluttet	2
klima	2
uskyld	2
uttrykte	2
endelig	2
oppfører	2
forestående	2
tilhørighet	2
likere	2
tiltagende	2
fremme	2
aktive	2
fersk	2
synlighet	2
fellesskapets	2
grunnlov	2
forsoning	2
rettet	2
arrangerte	2
humanistisk	2
henvendelser	2
rammes	2
wergeland	2
såkalte	2
senter	2
populære	2
velstanden	2
nyttige	2
varmer	2
eier	2
øy	2
begås	2
river	2
håndtere	2
lokalsamfunn	2
visjon	2
lokalsamfunnet	2
verdensdel	2
praktfulle	2
uønsket	2
linjene	2
bildet	2
venter	2
berører	2
presentere	2
holdes	2
skolegang	2
tankene	2
endrer	2
forbilde	2
uttrykt	2
militært	2
vestlige	2
klarte	2
sidelinjen	2
samler	2
kilder	2
lovet	2
moralsk	2
flest	2
kongehuset	2
utpekt	2
vitne	2
fatte	2
sørøst-asia	2
dyrebare	2
heldig	2
konferanser	2
bearbeide	2
ressursen	2
valgt	2
misjonsorganisasjoner	2
intet	2
pakt	2
voksen	2
utspill	2
øyeblikket	2
likestilling	2
natten	2
moren	2
virksomheter	2
selvstendighet	2
sittende	2
forsvare	2
sinn	2
rikeste	2
beskyttet	2
krisesituasjoner	2
dra	2
flom	2
tviler	2
blind	2
bål	2
feire	2
nasjonalitet	2
bjørnson	2
skinnende	2
nasjonen	2
utføres	2
unges	2
vektlegger	2
vann	2
rikdommer	2
spørsmålene	2
symbol	2
impulser	2
fortrinn	2
resultatet	2
avtaler	2
øre	2
fortalt	2
h.	2
uttrykksformer	2
blikket	2
vakre	2
dukker	2
deltar	2
fjellet	2
juli	2
engasjerte	2
forutsetter	2
benytter	2
nyttårstale	2
bra	2
asia	2
fredsprisen	2
skyld	2
rusmidler	2
oversett	2
nærmiljø	2
verdensborgere	2
hans	2
målestokk	2
vitenskap	2
geografisk	2
begynner	2
steg	2
toget	2
finnmark	2
vennskap	2
lærte	2
amerika	2
kjærligheten	2
samarbeidet	2
skyer	2
religiøst	2
høytid	2
stilte	2
tusenvis	2
svekket	2
idretten	2
velkommen	2
beslutninger	2
lettvint	2
sameksistens	2
verdige	2
bøker	2
vanlig	2
generasjonene	2
trives	2
brevene	2
ben	2
dagsrevyen	2
måles	2
tilbud	2
opphører	2
skiller	2
satsing	2
avholdte	2
kina	2
kriminalitet	2
verdig	2
skyldes	2
olympiske	2
svakeste	2
kjente	2
kjempet	2
ufattelig	2
redde	2
respektere	2
høster	2
jaget	2
filosofen	2
fortelles	2
barnehagen	2
skolens	2
representanter	2
oppslutningen	2
helere	2
utslitte	2
hjertet	2
forlovelse	2
begeistret	2
halldis	2
arbeidsliv	2
kortsiktig	2
handle	2
skog	2
utnyttelse	2
hjerte	2
talenter	2
skillelinjer	2
barnet	2
nært	2
den	2
fremste	2
statsminister	2
bilen	2
kjernen	2
hardest	2
målet	2
sørger	2
foregått	2
gangen	2
frisk	2
erstattes	2
taler	2
bidrag	2
nyhetene	2
linjer	2
nelson	2
avstanden	2
jubileet	2
intoleranse	2
slekter	2
york	2
åpner	2
bror	2
høyskoler	2
kulturminneåret	2
stoppe	2
liker	2
endringene	2
jordskjelvet	2
pådrar	2
vellykket	2
kronprinsen	2
tema	2
innbyggere	2
opprettholdes	2
markerte	2
bakteppe	2
teknologiske	2
årlige	2
valget	2
etableringsfasen	2
fjor	2
tilfeller	2
debattene	2
forsøkt	2
overdratt	2
arrangement	2
beredskap	2
behandles	2
sloss	2
ber	2
ulykken	2
organisasjonen	2
dramatiske	2
slags	2
innsikt	2
imponert	2
væpnede	2
språk	2
forvente	2
ytringer	2
læres	2
samling	2
bærebjelkene	2
endring	2
gjestfrihet	2
interesser	2
sangen	2
paragraf	2
orkestre	2
leker	2
lillehammer	2
spørsmål	2
skaffe	2
signaler	2
sjanse	2
stunder	2
hjørne	2
naturkatastrofen	2
verdsatt	2
vegne	2
oktober	2
drama	2
tyder	2
helter	2
erkjennelsen	2
fri	2
påvirket	2
verste	2
innsamlingsaksjoner	2
livsmot	2
skritt	2
familiene	2
kreves	2
villig	2
forsøker	2
brått	2
årsaken	2
adgang	2
mente	2
dør	2
mangfoldige	2
fjern	2
trå	2
styrkes	2
kriminelle	2
kaste	2
sjøen	2
paris	2
fremskritt	2
ungdommer	2
kanter	2
samfunnsdebatten	2
aktiviteter	2
enkel	2
innsatsvilje	2
strekke	2
trollene	2
oppfordret	2
fulgte	2
avdøde	2
sto	2
hevnlyst	2
ansvarlig	2
arbeidskraft	2
fenomen	2
barnebarna	2
øke	2
posisjoner	2
førstesider	2
lederskap	2
skapte	2
friskere	2
vekst	2
barnebarn	2
forby	2
skadet	2
velfungerende	2
regionen	2
motta	2
ide	2
sårbarhet	2
sans	2
aften	2
visjoner	2
ren	2
dannet	2
frodige	2
hjerter	2
menneskes	2
tas	2
ment	2
slag	2
tettere	2
stykket	2
innsyn	2
sågar	2
påvirkning	2
kreftene	2
kaller	2
nasjoners	2
stortinget	2
landene	2
fortvilelse	2
garborg	2
henge	2
vende	2
utenlandske	2
bakken	2
stemmer	2
levde	2
sjøs	2
ivrige	2
mottok	2
nøkkelord	2
overlates	2
styresett	2
mestre	2
pusse	2
produksjon	2
ekstreme	2
grunnen	2
trøst	2
miljøene	2
nærmiljøet	2
vunnet	2
greit	2
oppbrudd	2
rikere	2
rammen	2
begynne	2
skogen	2
teorier	2
plassere	2
nådd	2
øst-europa	2
fulgt	2
maktet	2
snakket	2
prestasjoner	2
samhold	2
oppmerksomheten	2
stilt	2
forener	2
må	2
ansiktene	2
trodde	2
fremmede	2
sigrid	2
form	2
tallene	2
rart	2
jens	2
heltene	2
årsaker	2
klarere	2
omsorgen	2
nei	2
eventyr	2
løfter	2
forventes	2
alvorlige	2
folkets	2
forfatter	2
kongens	2
roser	2
skuffet	2
vis	2
prinsessen	2
omstilling	2
karakter	2
vitner	2
møtene	2
historier	2
debatt	2
nidarosdomen	2
sluttet	2
vellykkethet	2
melder	2
kor	2
merker	2
statsledere	2
mobber	2
svaret	2
historisk	2
brutalt	2
straks	2
bar	2
landsmenn	2
jugoslavia	2
dagsverk	2
fremtidige	2
forutsetning	2
fortsettelsen	2
lærdom	2
ulikhet	2
preges	2
lide	2
ressurs	2
overgang	2
humanisme	2
byen	2
deltok	2
stand	2
huske	2
lidelse	2
apparat	2
okkupasjon	2
direkte	2
musikere	2
verdenssamfunn	2
rettferdig	2
kalles	2
besøket	2
mentalt	2
fornuftige	2
drives	2
sør-afrika	2
innflytelse	2
sies	2
plikter	2
rygg	2
fant	2
fanen	2
paralympics	2
planer	2
jager	2
tilsynelatende	2
naturressursene	2
involvert	2
new	2
kulturnasjon	2
jøder	2
miljøproblemer	2
fange	2
fredspris	2
samlende	2
synagogen	2
erik	2
varmere	2
jobb	2
vant	2
okkupert	2
enkeltindivider	2
skolegården	2
innblikk	2
døde	2
rusproblem	2
utgjør	2
tall	2
uløste	2
stemmerett	2
kolleger	2
spennende	2
arne	2
styrer	2
konfliktene	2
menneskelivet	2
sikrer	2
konge	2
utfordres	2
motstand	2
rike	2
islam	2
nødvendige	2
pekt	2
føres	2
fisk	2
spontane	2
felleskapet	2
lønner	2
sterkeste	2
brytes	2
nasjonalt	2
synge	2
tidsalder	2
private	2
består	2
kvelden	2
verne	2
visst	2
løp	2
skaperverket	2
telle	2
strever	2
reiste	2
idrettsutøvere	2
erfaringen	2
tilliten	2
etnisitet	2
endte	2
mandela	2
lek	2
hevde	2
egenskaper	2
forplikter	2
bildene	2
refleksjoner	2
gråt	2
perspektiv	2
prøvet	2
berømmelse	2
forberedes	2
fratatt	2
innledningen	2
minnes	2
stund	2
høstet	2
rekruttering	2
kulturlivet	2
erfaringene	2
avholdt	2
etablert	2
danner	2
samliv	2
stengsler	2
videreutvikle	2
orde	2
revy	2
tilby	2
inviterte	2
søkelys	2
markeringene	2
tenkt	2
aids	2
seier	2
forandres	2
nivåer	2
uendelig	2
erfaringer	2
bevaring	2
fortidens	2
balanse	2
fremtidstro	2
forutsetninger	2
union	2
skaperkraft	2
kurs	2
medlem	2
preg	2
varer	2
utfordrer	2
kostet	2
varsel	2
verdenskartet	2
statsbesøket	2
tilknytning	2
forfatteren	2
hyggelige	2
fortellinger	2
nabolaget	2
ungdommene	2
savne	2
dikter	2
klodens	2
verdener	1
religiøs	1
terroren	1
teknologisk	1
fattige	1
påvirker	1
usikkerhetsfaktor	1
satsingen	1
ildsjelene	1
påkjenninger	1
spenne	1
pilegrimer	1
egenverdi	1
overalt	1
avgjørelser	1
betegner	1
gårde	1
parallelt	1
nøklene	1
diskusjon	1
idrettslige	1
negativ	1
skavanker	1
bygda	1
effektiv	1
aids-epidemien	1
individet	1
festen	1
tøft	1
profesjoner	1
øret	1
avsendere	1
beundret	1
besitter	1
åndelige	1
helsepersonell	1
barrierer	1
renomme	1
småbarnsfamilier	1
juleutstilling	1
gunnar	1
skadelige	1
forskjell	1
day	1
ståstedet	1
lovbrytere	1
motsetninger	1
flekk	1
utøve	1
årsakene	1
pulsslag	1
flinkest	1
eidsvoll	1
børli	1
puslete	1
læreren	1
bruer	1
rå	1
mobilisere	1
velsignelse	1
sunnhetstegn	1
ekteskapsinngåelse	1
krangel	1
giv	1
oppfinnsomhet	1
fettet	1
funksjonsevne	1
greid	1
pakket	1
bekymringsfulle	1
lytt	1
brikker	1
tiårene	1
stater	1
velstående	1
radikal	1
samvær	1
fattigdommen	1
pådriver	1
småbåter	1
je	1
talsmann	1
broer	1
unike	1
stake	1
skuffende	1
omsorgspersoner	1
nesen	1
innsette	1
forstemmende	1
trøbbel	1
likeverd	1
bjørnsons	1
utstillingsvindu	1
industri	1
lillehammer-ol	1
flommer	1
velferdsstaten	1
danne	1
krigsår	1
imøtegås	1
mistenkeliggjøring	1
spre	1
mysterium	1
pusten	1
barnsben	1
dagers	1
epidemier	1
endres	1
plantet	1
kontinentene	1
julehøytiden	1
programfestet	1
grufulle	1
turneringer	1
senger	1
stein	1
nulltoleranse	1
tyskland	1
boken	1
menneskenes	1
areal	1
følgene	1
flomofre	1
tilsvarende	1
tjenesten	1
tilfredse	1
byggingen	1
1600-tallet	1
underholdende	1
forsonende	1
sommerferie	1
statsministeren	1
historiske	1
mørketallene	1
trøndelag	1
jubileumsfeiringen	1
verktøy	1
nedlatenhet	1
undervurdert	1
hjertesak	1
sekund	1
ordentlig	1
varg	1
overskrift	1
forskere	1
augustin	1
murene	1
kontoret	1
motstridende	1
poeng	1
opptar	1
arbeides	1
roen	1
mot	1
diplomatiet	1
ein	1
john	1
gjennomsnittlige	1
samarbeidspartnere	1
eu	1
ramme	1
triste	1
fungerte	1
belastninger	1
dugnadsarbeid	1
unescos	1
rang	1
preus	1
uerstattelig	1
limet	1
unnskyldning	1
seremoni	1
midten	1
verset	1
fritiden	1
gjennomføringen	1
eventuell	1
dårlig	1
glemsel	1
oppkjøp	1
jordsmonn	1
etablerte	1
snarere	1
påkjenning	1
medienes	1
fartøyer	1
ed	1
undervisningsopplegg	1
sveket	1
ekskludert	1
plassert	1
skulle	1
opplyst	1
trussel	1
fortellingene	1
lappen	1
uakseptabelt	1
temaet	1
adskillig	1
styrking	1
årsskiftet	1
inngåelse	1
arkitektur	1
høres	1
fremmedartet	1
grunnloven	1
naturgitte	1
beskytter	1
vokte	1
vurderingen	1
kongelig	1
tillatt	1
sårbart	1
multikulturell	1
privatpersoner	1
trosfeller	1
operasjon	1
gården	1
flykter	1
forpliktet	1
fiskeren	1
livssynssamfunn	1
frarøve	1
paradokser	1
eierskifte	1
dyrekjøpte	1
beholde	1
ty	1
hundre	1
arrangementet	1
forsynt	1
vestfold	1
funksjonshemmede	1
skjønt	1
fotballtrener	1
kjært	1
rausere	1
basere	1
påfallende	1
friminuttene	1
profesjonelt	1
tryggheten	1
ordskiftet	1
tros	1
stat	1
privatlivet	1
forbereder	1
arbeidssøkende	1
børretzen	1
speile	1
representere	1
oljeproduksjonen	1
lærdommer	1
vinnerne	1
idrettslivet	1
gjenforening	1
innholdet	1
oppmuntret	1
ekte	1
illusjoner	1
slagordet	1
budskapet	1
tilgang	1
forlengs	1
play	1
måned	1
dannelse	1
selvfølelsen	1
bevis	1
klassekameratene	1
oppføre	1
farlige	1
prosess	1
1000-års	1
arbeidsgivere	1
småbarnsmor	1
oppdragelsen	1
hindret	1
sikt	1
soria	1
bankende	1
tiendedeler	1
motløshet	1
hindring	1
ivrig	1
katastrofen	1
luksus	1
valfartssted	1
roller	1
utspillene	1
rekonvalesens	1
juks	1
lurer	1
angsten	1
presse	1
perioder	1
dreper	1
gjennomfører	1
overkomme	1
gjeldende	1
meningsmotstandere	1
bagasje	1
glemte	1
vitnemål	1
brødrene	1
perfekt	1
forvaltningen	1
konkurrere	1
rollen	1
stjerneskudd	1
dukke	1
skremmer	1
transportetappe	1
atskillige	1
utløste	1
holdt	1
tilvekst	1
rikelig	1
antologi	1
fremragende	1
gass	1
bolig	1
lovløshet	1
oppløses	1
næringer	1
griper	1
espedal	1
familielivet	1
uroen	1
vendinger	1
minoritetsbakgrunn	1
august	1
miljøpåvirkning	1
tilbragt	1
landsdelen	1
rasert	1
oppriktige	1
rask	1
gjengjeld	1
nyttår	1
lengsler	1
ba	1
drømmene	1
vakkert	1
gjøremål	1
håndverksfag	1
konfronteres	1
nordlendinger	1
kan	1
amazonas	1
begivenhetene	1
berlinmuren	1
trangere	1
særlige	1
varmeste	1
avgjørelsene	1
baklengs	1
avla	1
problemet	1
hamar	1
kakao	1
bondelags	1
pepperkaker	1
nytenkning	1
ungdomsarbeid	1
fritidsbeskjeftigelse	1
kriseberedskap	1
rettesnor	1
nettverk	1
lampen	1
entusiasmen	1
mobbeoffer	1
blande	1
kaster	1
sjåvinisme	1
flyktet	1
sunnere	1
fakkeltog	1
skuff	1
omkommet	1
varde	1
foreløpig	1
amerikanske	1
gjenfinne	1
barcelona	1
strabasiøs	1
uventede	1
berømmer	1
forestille	1
delte	1
medhjelpere	1
julekort	1
overfladiske	1
bagateller	1
stabil	1
loven	1
usportslige	1
lagde	1
herre	1
særtrekk	1
innlegg	1
flyktninger	1
undervurderer	1
materielt	1
håndtrykk	1
mottaker	1
kropp	1
minste	1
enhver	1
kjennes	1
særstilling	1
terrorister	1
onde	1
blokker	1
overflaten	1
endret	1
likeledes	1
datoer	1
livskrise	1
følte	1
trådt	1
radioen	1
opptreden	1
omsluttet	1
frykten	1
omtalt	1
pressede	1
håndtrykket	1
fremstilt	1
leveår	1
åtteåringen	1
tindberg	1
høytidene	1
snakk	1
medias	1
harmonisk	1
amnesty	1
vedrører	1
ensidig	1
dypest	1
brydde	1
uforpliktende	1
slovakiske	1
sammenhengende	1
hatland	1
haster	1
strir	1
kåringer	1
gjenforenes	1
oppvekst	1
sverige	1
steilt	1
disposisjon	1
klimakrisen	1
dynamisk	1
usunne	1
skimte	1
romjulen	1
håpene	1
overlevelse	1
trådte	1
homofil	1
problematiske	1
forsiktighet	1
lysene	1
foredle	1
overfiske	1
scener	1
bryllupet	1
inntrykkene	1
tilbringe	1
avviklingen	1
realiteten	1
vansker	1
utrettet	1
rekordoppslutning	1
motivene	1
kalte	1
forventer	1
helikopterulykken	1
bokåret	1
gjestebud	1
ungdomstiden	1
kompetansen	1
etterfølgere	1
feires	1
skiftet	1
påførte	1
sindige	1
byrde	1
angrer	1
gulfkrigen	1
kommune	1
originaler	1
tiltrekkende	1
yunus	1
lengst	1
kolahalvøya	1
london	1
velferdsgoder	1
ruslende	1
distribusjon	1
ønskede	1
forutse	1
planlegger	1
skal	1
hevet	1
oppvoksende	1
ytterkantene	1
fantasi	1
forståes	1
syder	1
innslag	1
offer	1
forkastede	1
forskjellsbehandlet	1
mobbere	1
skjuler	1
fortegn	1
vaker	1
sammenhengen	1
restene	1
urimelig	1
teknikk	1
milepæler	1
nybygg	1
japan	1
vår	1
jubileumsåret	1
sosiologen	1
nobelkomite	1
vinder	1
himalaya	1
erklæring	1
hver	1
trådene	1
skiftende	1
skoledagene	1
forverre	1
påvirkninger	1
innerst	1
menneskeforakt	1
knuse	1
kameratene	1
krigsutbruddet	1
læreplaner	1
stigen	1
understreket	1
samfunnsliv	1
aksjoner	1
grep	1
fiskeprodukter	1
forespørsler	1
politikere	1
vellykkede	1
briller	1
fortoner	1
hjørnet	1
ferdes	1
konfliktområde	1
fotball	1
tårner	1
slovakia	1
diskriminert	1
parforhold	1
hensyn	1
dato	1
stans	1
thomas	1
utfolde	1
hjemlandet	1
voldsepisoder	1
medborgere	1
gjelde	1
forbruk	1
høytidelig	1
krisene	1
sammenligne	1
uthengt	1
presterer	1
klimaendring	1
bekymringsfullt	1
funksjonsfriske	1
videreutdanning	1
arbeiderklassen	1
hendelser	1
annan	1
utfordret	1
rår	1
ondskapens	1
forfedres	1
anledninger	1
sunn	1
samtalens	1
møysommelige	1
oppholdssted	1
lav	1
bearbeidelsen	1
depresjon	1
fornøyde	1
frafall	1
livsgleden	1
regjerende	1
mette	1
sover	1
naturvernere	1
overskuddet	1
aldrende	1
fundamentet	1
offentliggjort	1
kjønn	1
uvissheten	1
nedslående	1
engstelige	1
omfang	1
optimale	1
ødeleggende	1
slitere	1
banker	1
aldere	1
artsmangfold	1
opprører	1
allemannsretten	1
pusses	1
opptatte	1
fredsprisvinnere	1
utsatt	1
audiens	1
opplegg	1
vinteren	1
sivilisasjon	1
urettferdighet	1
nidelven	1
glødende	1
boliger	1
trender	1
kroner	1
meningsbærende	1
balanserte	1
krisen	1
pessimist	1
takhøyde	1
entusiasme	1
jødenes	1
uløselige	1
prioriteringene	1
ver	1
storbyer	1
bredere	1
skille	1
reiss-andersen	1
kontakter	1
støtten	1
omgir	1
sagaer	1
reduseres	1
student	1
tropper	1
betraktes	1
småting	1
årstider	1
vandrer	1
inngripen	1
tynnes	1
verdensdeler	1
skikkelige	1
lokalmiljøer	1
avisinnlegg	1
blanke	1
stormer	1
brutalitet	1
1960-tallet	1
spennvidden	1
idrett	1
registrerer	1
annonseres	1
kildene	1
drive	1
selger	1
organiserte	1
blodbad	1
berlinmurens	1
sivilisert	1
trafikkulykker	1
ett	1
haakons	1
kors	1
menighet	1
formelt	1
grunnlovsjubileet	1
generøst	1
skaffer	1
menneskelighet	1
50-årsjubileet	1
regjeringen	1
mobbe	1
vurderer	1
evner	1
arve	1
prosjekter	1
uforsonlig	1
åpenheten	1
lydnivået	1
prisen	1
uttalelser	1
intenst	1
fridtjof	1
godes	1
individuelle	1
diplomatiske	1
dugnaden	1
lokal	1
privatøkonomien	1
beholdt	1
visse	1
storstilt	1
komplisert	1
forening	1
gruveulykken	1
strømninger	1
vedstå	1
mistro	1
avis	1
økning	1
mane	1
konger	1
nådde	1
vetter	1
flyulykker	1
ungdomsmiljøer	1
tolerere	1
canada	1
angrep	1
terroristene	1
begunstiget	1
prislapp	1
uoversiktlig	1
gjerder	1
helsesektoren	1
etableres	1
fryser	1
globaliserte	1
referansene	1
samlingspunkt	1
vest-europa	1
identifisere	1
vinneren	1
spilte	1
status	1
aurelius	1
flotteste	1
nærheten	1
grunnlovens	1
tenkning	1
fjernere	1
rettsvesenet	1
fokuserer	1
fremgangen	1
bosettingsmønster	1
arrangeres	1
bjørneboe	1
tillate	1
synkende	1
konstruktive	1
bro	1
opprørt	1
flagg	1
jesu	1
dører	1
kjølvannet	1
trafikken	1
forsiktige	1
basert	1
myte	1
anstrengelser	1
pilegrimsleden	1
fremmedhat	1
motsatte	1
motbør	1
tendenser	1
varmende	1
møteplasser	1
sosialsektoren	1
innrette	1
ivaretar	1
unyanserte	1
ledes	1
avisenes	1
gaven	1
takker	1
inger	1
ettertiden	1
overbefolket	1
100-årsjubileum	1
trailere	1
scott	1
opplevelsen	1
tempo	1
favne	1
annerledeshet	1
grensen	1
gjennomleve	1
grundig	1
grunnskoler	1
taushet	1
hardtslående	1
beliggenhet	1
25-årsjubileum	1
gjenklang	1
mental	1
flokk	1
forkant	1
stimulerer	1
livssituasjon	1
elske	1
forutsigbar	1
fjellturer	1
teatre	1
svikte	1
tjenestegjøre	1
omtale	1
velferdsstat	1
optimismen	1
oldeforeldre	1
horisont	1
oppskrift	1
sverd	1
profesjonelle	1
tillater	1
hektiske	1
ordtaket	1
kjøres	1
øse	1
interessere	1
innse	1
månen	1
skolegangen	1
aner	1
møteplass	1
dyptfølt	1
demonstrasjon	1
tåler	1
gren	1
veket	1
regnskap	1
oppmuntring	1
forvalter	1
reportasjene	1
imøtekomme	1
avslører	1
institusjoner	1
sikkerhetsnett	1
andel	1
maktmisbruk	1
homse	1
folkeskikk	1
litterære	1
anerkjent	1
egentlige	1
redningskorps	1
ubeskrevet	1
populær	1
medlemmer	1
sos	1
humre	1
ødelegge	1
spekteret	1
glipp	1
begrenser	1
piet	1
spontanitet	1
måltid	1
krigsopplevelser	1
oppriktig	1
rastløsheten	1
regjeringsskifte	1
nevner	1
fantasiverden	1
farene	1
religionene	1
uansvarlige	1
følt	1
eksistert	1
ulikhetene	1
presset	1
hansen	1
appell	1
hjemmehjelpen	1
dyreliv	1
øyeblikkets	1
legen	1
pengar	1
farsotten	1
overenstemmelse	1
beskyldt	1
lillesøster	1
fratar	1
østersjøen	1
møtested	1
kirkelige	1
seire	1
revolusjonert	1
vitenskapens	1
oversikt	1
menneskerettighetserklæringen	1
tilpasning	1
bekjempelse	1
historiebøker	1
stadier	1
respekterer	1
avholdes	1
avvist	1
påtar	1
flyt	1
vente	1
muhammad	1
utformingen	1
majestet	1
fasaden	1
effektive	1
dårligere	1
nynazister	1
kulturbyen	1
løyper	1
angriper	1
fortone	1
fattigdomsproblemer	1
rettigheten	1
avdekket	1
støvete	1
uimotsagt	1
jakt	1
skole	1
avgi	1
pappa	1
vinnes	1
nektet	1
hørsel	1
nordsjøen	1
kjemper	1
medaljer	1
perifere	1
redningsarbeidere	1
oppegård	1
biskopen	1
distriktene	1
innvortes	1
nettet	1
bryllup	1
menigheter	1
fullfører	1
dvele	1
senket	1
høyest	1
jødene	1
drivkraft	1
mager	1
antyde	1
tenåringer	1
uvant	1
uskrevne	1
sunget	1
tilstede	1
telemark	1
omstillingene	1
formidlet	1
tilbringes	1
borgere	1
pur	1
riksforsamlingen	1
diktet	1
graver	1
travel	1
veies	1
havner	1
jult	1
dyrt	1
hviler	1
samlivsbrudd	1
forandringens	1
fravær	1
overskudd	1
nedarvet	1
grusomme	1
hjørnesten	1
feirer	1
betydd	1
slapp	1
jenter	1
salmen	1
stimulere	1
parken	1
mentale	1
standpunkter	1
tent	1
bitene	1
rusmisbrukere	1
håndverk	1
støtt	1
påminnelser	1
sjelen	1
forbud	1
trettitalls	1
utslipp	1
peisen	1
tilegnelse	1
trekk	1
konkurrenter	1
hegne	1
investering	1
mindretall	1
markus	1
leit	1
yrker	1
øves	1
livsmotet	1
fredsprisvinner	1
demonstrasjoner	1
forandret	1
bomber	1
nyansere	1
jenta	1
mjuke	1
invitasjon	1
troll-feltet	1
kreftsyke	1
samkvem	1
natteravner	1
dirrer	1
omskolering	1
tillitsskapende	1
sansen	1
kjernefysisk	1
sårer	1
elling	1
arnold	1
ideelle	1
voksnes	1
magiske	1
samfunnsborgere	1
reiseprogram	1
studier	1
oppvekstvilkår	1
angret	1
saklig	1
brukte	1
markant	1
feltet	1
slåssing	1
mehren	1
mobiliserer	1
fordrive	1
handles	1
fremstod	1
forandringer	1
hang	1
samvittigheten	1
utilstrekkelighet	1
ringe	1
kosovo	1
foregangsland	1
ståsteder	1
fór	1
anstrenger	1
proklamert	1
peker	1
bindeledd	1
lun	1
psykiske	1
ulikheter	1
gaten	1
ragnhild	1
småbarn	1
nyheter	1
syn	1
amerikaner	1
ukuelig	1
renteøkning	1
blafret	1
medspiller	1
regler	1
gjennomført	1
byr	1
engelske	1
nordnorske	1
knytte	1
automatiske	1
symbolsk	1
vugge	1
likhetene	1
tydeligere	1
nyhetssendinger	1
umulig	1
utvide	1
spontant	1
representerte	1
selvtillit	1
samarbeide	1
igangsatt	1
lederansvar	1
krigeren	1
haakon	1
sikkerhetsrådet	1
svigermor	1
gjester	1
tallet	1
avvise	1
søken	1
barske	1
trer	1
gamlekara	1
maathai	1
gabriel	1
kunstnere	1
alaska	1
boligmarkedet	1
kulturers	1
storslåtte	1
interessen	1
utnyttes	1
pinsehelgen	1
ødelagte	1
møtets	1
fargerik	1
minnene	1
opplevelsesrik	1
jan	1
internasjonalisering	1
identitetskrise	1
spinkle	1
fortjenstmedalje	1
bedt	1
høydepunkter	1
energi	1
nyvinning	1
farfar	1
verdensbildet	1
bokstaver	1
slit	1
ekstremvær	1
ordtak	1
sårbar	1
skredulykken	1
vinner	1
tilsier	1
selgere	1
færreste	1
menneskeskapt	1
vedlikehold	1
europeere	1
kongolesisk	1
markeder	1
involverte	1
murer	1
plattform	1
bitterhet	1
kjenningsmelodien	1
staten	1
konsentrert	1
pådyttet	1
korrektiver	1
mangfoldig	1
forfatning	1
ledelse	1
truffet	1
ekstraordinære	1
behandler	1
innerste	1
juni	1
konfliktområder	1
tvinges	1
visste	1
belærer	1
fasthet	1
tunneller	1
fylke	1
vide	1
endrede	1
livene	1
mars	1
barnas	1
kritikk	1
tog	1
samarbeider	1
råvarer	1
angrepene	1
egenskapene	1
kvart	1
iran	1
grieg	1
skjellsord	1
tollvesenet	1
løfterike	1
fanges	1
skjør	1
el-biler	1
dataspill	1
forurensing	1
vurdere	1
inntrykket	1
katastrofene	1
ulik	1
lokalsamfunnene	1
menneskerett	1
studiegjeld	1
avlagt	1
hjemmets	1
beskrive	1
tsjekkia	1
barneårene	1
krigens	1
eden	1
bedømme	1
foreldres	1
time-out	1
synspunkter	1
reagerte	1
usikre	1
konstatert	1
stenger	1
motvilje	1
fylte	1
puslespill	1
hjelperne	1
nasjonaldagen	1
skolevesen	1
realitet	1
orientering	1
idrettsstjerner	1
kommenterte	1
flerkulturelt	1
undervist	1
straffeloven	1
støtteapparatet	1
samboeren	1
kristendom	1
skue	1
drømte	1
berlevåg	1
samfunnslag	1
oppmuntrende	1
sovjetunionen	1
kommuneplan	1
livsgrunnlag	1
lysere	1
fortelling	1
organisering	1
naturressurser	1
verst	1
forsvarets	1
natt	1
følgende	1
ryggen	1
rommet	1
strøm	1
rekken	1
rakk	1
male	1
beklagelig	1
katastrofalt	1
rokker	1
forårsake	1
edvard	1
optimistisk	1
latterliggjøring	1
lokalhistorie	1
rase	1
stemme	1
julefeiring	1
politimannen	1
oversettes	1
himmelstrøk	1
hederskronede	1
havn	1
personangrep	1
tilbyr	1
holdning	1
påføres	1
næringen	1
frykter	1
arrestere	1
trukket	1
vakuum	1
mangelen	1
innhentes	1
passive	1
ugjerningen	1
stabilt	1
ønskene	1
undersøkelsen	1
skjelne	1
glipper	1
system	1
ansvarlige	1
diskutere	1
selvbilde	1
wangari	1
knele	1
skoleverket	1
tilbringer	1
sevilla	1
oppbygging	1
hendelse	1
tilbragte	1
synlig	1
landbruk	1
flyet	1
irak	1
snill	1
hvite	1
meningsbrytning	1
personell	1
lyste	1
ros	1
motvirke	1
oppland	1
måneden	1
hisser	1
uforståelige	1
grus	1
hovedsak	1
frivillighetssentralen	1
marken	1
demokratier	1
undervisningen	1
kvalifikasjoner	1
livsvilkår	1
grete	1
sannhetskommisjonen	1
kvistet	1
arabiske	1
spente	1
sympati	1
etterfølgende	1
lekte	1
velsignelsen	1
illevarslende	1
trengte	1
billass	1
forankret	1
president	1
rettssikkerhet	1
forhånd	1
godta	1
læresteder	1
fyre	1
fostret	1
dialogen	1
pionerer	1
stormakter	1
blodige	1
grind	1
etterkommere	1
konow	1
sitatet	1
tollvesen	1
skoleklasser	1
barentsregionen	1
mediesamfunnet	1
syne	1
vektlegging	1
bildende	1
polen	1
mystikk	1
atmosfæren	1
frigjøringsjubileet	1
bunns	1
humanismens	1
kraften	1
cellisten	1
formet	1
makten	1
statsborgere	1
sangere	1
kommunikasjonen	1
hyggeligere	1
politistasjon	1
alminnelige	1
underholdningsverdi	1
nedrustning	1
tjene	1
folkevandring	1
forsvarsløse	1
engstelig	1
barneår	1
innhentet	1
petter	1
rik	1
c.	1
søren	1
hovedstad	1
vanskeligst	1
livsfase	1
nærvær	1
markedet	1
polare	1
abrahams	1
oppholder	1
valgmuligheter	1
stenge	1
bredden	1
tiltakende	1
hovedansvaret	1
storsamfunnet	1
plager	1
livsledsager	1
brudd	1
kalle	1
testen	1
september	1
pionérer	1
omstillinger	1
bryst	1
strofe	1
medmenneskelig	1
vennskapsforhold	1
dyster	1
vilkårlig	1
intelligens	1
nasjonene	1
guden	1
geneve	1
antirasistiske	1
bedring	1
lønnes	1
midtnorsk	1
redningsselskapet	1
titler	1
forstod	1
stagnere	1
lederegenskaper	1
fredsprisvinnerne	1
bestrebelser	1
moria	1
400-tallet	1
barnekonvensjonen	1
speide	1
fullastede	1
hørte	1
kosen	1
inviteres	1
frankrike	1
fatningen	1
drikker	1
klimakonferansen	1
miljøutfordringene	1
statslederen	1
avgjørelse	1
lede	1
nakke	1
tålt	1
innslaget	1
søppel	1
refleksjon	1
rokke	1
selvfølgelig	1
anerkjenne	1
andersen	1
lappene	1
misforstå	1
motgang	1
tverrfaglig	1
kongo	1
aktiv	1
urettferdigheten	1
typen	1
kommunene	1
balkan	1
afrika	1
artister	1
film	1
forurensning	1
vi	1
eidslott	1
barnebarns	1
aktivt	1
velstandsutvikling	1
sjelens	1
arbeidsmiljø	1
bud	1
nabolag	1
tradisjonen	1
kystbefolkningen	1
ettervirkningene	1
bølle	1
tegner	1
manifestasjoner	1
fusjoner	1
trafikkmaskin	1
samfunnsproblem	1
manglende	1
arktisk	1
barnebyer	1
regel	1
langsomme	1
klimatoppmøtet	1
tankefull	1
utdannet	1
offentlighetens	1
integrering	1
image	1
grunnskolene	1
lidelsene	1
flodbølgene	1
ærefrykt	1
beskjed	1
sommerens	1
østlandet	1
løft	1
smil	1
begivenheten	1
ytterpunkter	1
storhet	1
ulykke	1
helsesøster	1
moskéen	1
meningsfulle	1
omfavnet	1
avklart	1
toppmøte	1
koster	1
gjenerobre	1
århundrer	1
eksemplar	1
fryktens	1
konstatere	1
iboende	1
helsestell	1
kravet	1
sør-afrikanske	1
signal	1
overlate	1
verdensreligionene	1
grunnpilarene	1
påta	1
mere	1
utviklingsarbeidet	1
uniformering	1
nansen	1
vinne	1
forferdelige	1
treet	1
fryktelige	1
forestå	1
lanseringen	1
tankesett	1
begreper	1
risiko	1
religion	1
lyder	1
alvoret	1
iver	1
opphevet	1
muren	1
endringer	1
tynget	1
fordømmelse	1
hjerteligste	1
naboskap	1
vedtok	1
instans	1
konklusjonen	1
forfedre	1
uredde	1
råds	1
generalsekretær	1
pumpe	1
vesentlige	1
janus	1
fungere	1
utvendige	1
forskjellen	1
falkeid	1
embeds	1
tekniske	1
skrives	1
lykte	1
toppene	1
verdidebatten	1
folkegrupper	1
bistå	1
brannen	1
fragmenter	1
lage	1
strid	1
fremtidsrettet	1
uheldig	1
gjenforent	1
praktisere	1
arrangørene	1
samspill	1
rekker	1
ungdomstrinnet	1
marte	1
grusom	1
omfavne	1
idealistisk	1
overskygge	1
generasjoners	1
fakler	1
miljøvern	1
eventuelle	1
tente	1
forestillingen	1
utvidet	1
nøden	1
påske	1
utrettelig	1
erkjent	1
parter	1
hilste	1
sendt	1
trår	1
applauderer	1
verdigrunnlaget	1
verdenskriger	1
grusomheter	1
berørte	1
kollisjonen	1
maskiner	1
lengden	1
ante	1
korte	1
automatisk	1
person	1
samfunnsmodell	1
telefonen	1
kalenderen	1
helsetilstand	1
presten	1
søk	1
gynt	1
gjeninnføre	1
vest-agder	1
blandet	1
givende	1
nordvestlandet	1
fjernsynsapparatet	1
epoke	1
drepte	1
vekke	1
inkludert	1
oppreist	1
partene	1
mediebildet	1
fjerner	1
via	1
young	1
korrupsjon	1
smitter	1
sang	1
tjenestegjør	1
inspirert	1
delt	1
utbyggingen	1
hjelpen	1
havets	1
lærerne	1
begrensning	1
forestilling	1
splittelse	1
orientere	1
informasjons	1
griegs	1
ubekymret	1
målbart	1
leken	1
grav	1
teknikker	1
jødedom	1
kodene	1
ressursgrunnlaget	1
krefters	1
datidens	1
nødt	1
enerett	1
kjæledyr	1
relevans	1
naboen	1
nesbø	1
rotfeste	1
myndighetenes	1
innser	1
kul	1
bestemthet	1
stamfar	1
utrolige	1
nå	1
forverres	1
paragrafen	1
skjønnhet	1
eldrebølgen	1
deilig	1
varsomt	1
berike	1
misunnelse	1
årevis	1
trist	1
svein	1
grenene	1
nord	1
kronprinsens	1
utvinning	1
berøres	1
kierkegaard	1
primærnæringer	1
inspirere	1
albert	1
verdenssituasjonen	1
senest	1
nattemørket	1
invitere	1
misbrukt	1
brer	1
kunstneriske	1
inneha	1
gammeldags	1
oppfattes	1
nysgjerrighet	1
afrikas	1
kameratflokken	1
selvrespekt	1
slukner	1
virkemidler	1
faresonen	1
barnehager	1
akseptert	1
samvittighet	1
hanskes	1
koste	1
storstilte	1
hjemlig	1
miljøutfordringer	1
lukt	1
svake	1
kirkens	1
kampanjen	1
åpning	1
omstillingsprosess	1
næringslivet	1
effektfull	1
satses	1
kinesiske	1
tærer	1
tilfredsstillende	1
ordfører	1
idrettsbegivenhet	1
odd	1
kopier	1
celler	1
skrittet	1
eksperimentelle	1
gjerningsmenn	1
døden	1
registrere	1
uvirkelig	1
ansett	1
farer	1
ring	1
flyktningestrøm	1
vendte	1
drept	1
overvåke	1
humor	1
kalt	1
diplomati	1
bølge	1
kyst	1
langdrag	1
bundet	1
idrettsprestasjoner	1
spurte	1
terrorhandlingene	1
abraham	1
selvgodhet	1
tildelt	1
invitasjonen	1
regjere	1
luften	1
tv-aksjonen	1
fornybare	1
fløgstad	1
redder	1
utfordringen	1
mark	1
potensial	1
opptre	1
utdannelsen	1
jonas	1
navn	1
fanebærere	1
fremtredende	1
svikt	1
fulltallig	1
understreking	1
folkestyret	1
gammelmodig	1
forsterkes	1
forberedelsene	1
leveregler	1
diskuterer	1
tek	1
hjerterom	1
københavn	1
kystvaktskipet	1
midt-østen	1
inkludering	1
forkastes	1
tross	1
skomakergata	1
greier	1
løfterikt	1
løst	1
overvåkning	1
deltagere	1
skildringene	1
skade	1
prinsesse	1
især	1
hjelpeløse	1
tidsregning	1
tv-serien	1
glansbildet	1
trette	1
fortvilelsen	1
bunner	1
fotsoldater	1
teknologiens	1
strakte	1
hevn	1
skillene	1
knytt	1
krigsforbrytere	1
erkjente	1
flyttefot	1
dåd	1
ærlige	1
talsmenn	1
turistattraksjon	1
navnet	1
utgangen	1
frembragt	1
kommuner	1
hard	1
reformer	1
meningsfylt	1
les	1
hjelpeløs	1
røttene	1
utfordre	1
bryne	1
sprer	1
utstillingen	1
fremtvinge	1
oppdragelse	1
allsidige	1
oppløst	1
stoppet	1
årtusen	1
ambassadører	1
farlig	1
suksesser	1
utstrakt	1
konkurranser	1
søkt	1
25-årsjubileet	1
stolthet	1
solstråle	1
drevet	1
demonstrerer	1
andenes	1
referanseramme	1
bebodde	1
turister	1
sige	1
monark	1
engasjert	1
barnets	1
stemningen	1
varige	1
dagsordenen	1
titusener	1
århundreskifte	1
viktigst	1
morgenen	1
trener	1
myanmar	1
arbeidssituasjon	1
nøkkelordene	1
lukket	1
tvunget	1
trenges	1
ringenes	1
aprildagene	1
minnetale	1
homofile	1
stridighetene	1
betryggende	1
politisk	1
røde	1
bladet	1
nord-norge	1
enorm	1
selvstendig	1
avgjøre	1
eftertanke	1
køen	1
normale	1
barndommen	1
scene	1
skuespiller	1
mor	1
guttene	1
kommuners	1
måle	1
ruiner	1
kulturliv	1
uoppnåelig	1
fullkomment	1
beundring	1
relevant	1
kostnaden	1
rekreasjon	1
passe	1
julesangen	1
effekten	1
inspirerende	1
hverdagskriminalitet	1
uforglemmelig	1
misjonsvirksomhet	1
vurderes	1
forsøpling	1
reaksjonsmønster	1
piken	1
øysamfunn	1
gjest	1
urettferdig	1
prestasjon	1
mannskap	1
vesentligste	1
nobelprisvinnere	1
gjennomslagskraft	1
funksjon	1
alderdom	1
brede	1
overse	1
nærmer	1
kjøpa	1
basaren	1
idrettsmiljøer	1
hånden	1
moder	1
selge	1
gjenstående	1
isolasjon	1
tuftes	1
enkelhet	1
trusselen	1
hverandre	1
tenne	1
sjefen	1
tilpasse	1
prate	1
frister	1
paradoksale	1
fengselsceller	1
tradisjonelle	1
høy	1
helge	1
rukket	1
nyskaping	1
lyttet	1
vekstvilkår	1
urolige	1
positiv	1
lei	1
individer	1
erklæringen	1
polarforskning	1
fargelagt	1
slavehandel	1
grensesetting	1
skattkammer	1
utøverne	1
kongeskipet	1
reisetips	1
nornefeltet	1
videste	1
kommentar	1
beveget	1
gimle	1
svart	1
unne	1
fredspristildelingen	1
oppgaven	1
smertefullt	1
likegyldige	1
tosidig	1
privilegium	1
sektorer	1
byggverk	1
håpefull	1
sørge	1
tapere	1
helger	1
reportasjer	1
planeten	1
ødeleggelsene	1
arkitekter	1
lavmælte	1
bergen	1
rørende	1
vest	1
barndom	1
onkel	1
nivå	1
fryktet	1
vendt	1
salme	1
akutte	1
statsbesøk	1
hverdagene	1
brown	1
menneskeverdet	1
miljøsituasjonen	1
rute	1
anne	1
klarsyn	1
kontakten	1
latskap	1
uærlighet	1
betinget	1
kilden	1
løfterik	1
opplevdes	1
støttende	1
facebook	1
hensynsløshet	1
skyve	1
såkalt	1
vedvarende	1
befolket	1
arkene	1
huse	1
menneskehandel	1
sjette	1
humanistiske	1
isolert	1
toppen	1
nyttårsforsett	1
tsunamien	1
bys	1
folketallet	1
dystre	1
trøster	1
bodd	1
hovedoppgave	1
midnatt	1
sløses	1
vandring	1
livs	1
kriger	1
ungt	1
finans	1
tørre	1
innsatt	1
ledestjerne	1
vaclav	1
ustø	1
breddegrad	1
nasjonal	1
hovedkvarter	1
avslutte	1
tarjei	1
møttes	1
skolebygninger	1
kirkebakken	1
jobben	1
dagsaktuelle	1
hjelpemidler	1
ideologier	1
hyppige	1
rettferdighet	1
forferdelse	1
plutselige	1
henseende	1
krigsseilerne	1
minutter	1
prisutdelingen	1
eide	1
selges	1
banalt	1
trolig	1
danske	1
realisere	1
knytter	1
albertville	1
tapes	1
uengasjert	1
michael	1
smittet	1
akterutseilt	1
manglerud	1
sensasjonelle	1
byjubileet	1
verd	1
v	1
ensidige	1
ferie	1
ender	1
nærmiljøer	1
spørs	1
finnmarksvidda	1
orden	1
kompetanse	1
latinske	1
taxisjåfør	1
rause	1
flyktning	1
systemet	1
blader	1
starten	1
individualisme	1
bidragsyter	1
vennegjeng	1
nordlige	1
stifte	1
etterbruken	1
afrikansk	1
uforståelig	1
innstramning	1
terreng	1
signingen	1
sikter	1
horn	1
forsker	1
snillere	1
fantasien	1
spraymaling	1
samholdet	1
f.eks	1
skyr	1
slutte	1
skadelig	1
læring	1
selvopptatt	1
fjelltopp	1
pioner	1
humanitet	1
blomstre	1
vannet	1
hendene	1
livreddende	1
trangen	1
erfart	1
flykatastrofen	1
avdekkes	1
rogaland	1
armkroken	1
ark	1
uoverkommelig	1
eksisterer	1
nordområdene	1
unionsoppløsningen	1
menneskehetens	1
finpussing	1
stavanger	1
modige	1
viten	1
trues	1
gjerningen	1
ugjort	1
dystert	1
langsomt	1
forandre	1
retur	1
lengre	1
skifte	1
tom	1
nordmenns	1
rystet	1
uferdig	1
julemat	1
lokalpolitikere	1
planlagt	1
audun	1
referanser	1
speilet	1
treffe	1
mennene	1
kristentroen	1
kvinne	1
passer	1
mon	1
motmæle	1
arbeidsdagen	1
elisabeth	1
kongepar	1
aktiviteten	1
gjeld	1
vesentlig	1
metode	1
springer	1
retten	1
raus	1
duger	1
arbeidsinnsats	1
fullstendig	1
videreføring	1
strategisk	1
ledelsen	1
raser	1
surrer	1
væremåte	1
lommeformat	1
jobber	1
sønn	1
grinder	1
bilens	1
fattig	1
erindringen	1
løypene	1
mynt	1
bevart	1
lyttende	1
uttrykkes	1
lanserte	1
sprit	1
siterte	1
gjenstår	1
festtalene	1
synliggjøres	1
sorger	1
medgang	1
adskilt	1
tidens	1
nærbutikken	1
våkenetter	1
ødelegges	1
lokalforeninger	1
kreativt	1
kjempeinnsats	1
åpnes	1
summen	1
ukritisk	1
spillet	1
røster	1
samfunnsoppgaver	1
mobiltelefoner	1
promille	1
sannheten	1
eggum	1
vent	1
effektivt	1
fastholder	1
karen	1
organisasjonene	1
hindrer	1
slanke	1
kulturarv	1
argumenter	1
velferdssamfunn	1
februar	1
vegre	1
ugreit	1
fornuftens	1
fredsskapende	1
langsiktig	1
tilgriset	1
forebygger	1
kulturen	1
påvirkes	1
allmenn	1
oppmerksom	1
aragorn	1
naturlige	1
smak	1
valgfrihet	1
nedbrytende	1
betraktning	1
asylsøker	1
idag	1
bjørnetjeneste	1
smerte	1
morsomme	1
frukter	1
forventningene	1
svakhet	1
lederskapet	1
utstillinger	1
deltagelse	1
perspektivet	1
planet	1
oppfordringen	1
ferier	1
urolig	1
halvår	1
60-års	1
ekstremister	1
spennet	1
betydelige	1
tv-skjermen	1
leter	1
banet	1
uventet	1
fulle	1
antarktis	1
utsikten	1
naturvernorganisasjoner	1
kvalitet	1
tigge	1
verv	1
sykesengen	1
normer	1
søster	1
aldersgrupper	1
langstrømpe	1
omtales	1
saktere	1
tiår	1
utrette	1
myndighetene	1
framtidstro	1
vugger	1
tjener	1
høye	1
håndterer	1
bemerkelsesverdig	1
høyden	1
praktfull	1
snau	1
informasjon	1
betenkelig	1
tenk	1
invitert	1
bord	1
overtar	1
undertegnelsen	1
tenkende	1
underholder	1
gledene	1
erobrer	1
søkte	1
scandinavian	1
prestasjonspress	1
skoledagen	1
blende	1
spilleregler	1
vinduet	1
veksler	1
generalisere	1
billedkunst	1
riket	1
tilbudet	1
peru	1
pessimisme	1
konturene	1
1000-årsjubileum	1
trass	1
smått	1
kalde	1
rosverdig	1
arbeidsplass	1
overlevende	1
oppsving	1
hinder	1
tilfellet	1
miljøproblemene	1
vera	1
borger	1
bye	1
flomrammede	1
strofen	1
verdenssamfunnets	1
naboens	1
gledeligste	1
kaldt	1
bestemme	1
mytene	1
50-årene	1
lød	1
grense	1
strømmer	1
holocaust	1
grunne	1
tårer	1
forakt	1
miljøbevissthet	1
naboforhold	1
redusert	1
programmet	1
arbeidsmarked	1
opplæring	1
sniker	1
travle	1
synliggjort	1
spinn	1
te	1
feilgrep	1
lyspunkter	1
hugget	1
tillitskapende	1
moster	1
ledighet	1
grunnene	1
nedlatende	1
glød	1
presentasjon	1
advarsler	1
månedene	1
guds	1
krusninger	1
biologisk	1
tumleplass	1
tjent	1
arrangert	1
ung	1
medfør	1
brune	1
a	1
kulturuttrykk	1
begrenset	1
peer	1
syvende	1
tillitsfulle	1
begrense	1
rettsstatens	1
deltatt	1
sommeren	1
delingen	1
plassen	1
tyskernes	1
haag	1
krenkelser	1
veiene	1
arbeidsplassene	1
teknikkens	1
faremoment	1
undring	1
gatene	1
slappe	1
invitasjoner	1
hodet	1
innrømme	1
årsak	1
angikk	1
gjeldsbyrde	1
omorganiseres	1
røyner	1
forskningsmiljøene	1
markering	1
initiativet	1
fremtidsmuligheter	1
forklare	1
fjellvante	1
stjerner	1
stadighet	1
respektløse	1
samtalene	1
sikret	1
avskaffe	1
varder	1
politimann	1
vær	1
fostrer	1
udødelige	1
drivhuseffekt	1
ulykka	1
redusere	1
rykket	1
foreninger	1
sanser	1
fjelltur	1
kjensgjerningene	1
godhet	1
skårer	1
næring	1
tilrettelagt	1
langsommere	1
filmene	1
tilrettelegges	1
elsker	1
adoptere	1
båser	1
undringen	1
utvalg	1
utfoldelsesmuligheter	1
tilskuere	1
star	1
aust-agder	1
opptrappingen	1
idéer	1
lykkelige	1
heiter	1
trenge	1
anstendig	1
skulder	1
vidder	1
brukere	1
nyttårsskiftet	1
normalt	1
kongelige	1
politiarbeidet	1
reagere	1
livsholdning	1
innvirkning	1
ubalanse	1
flottere	1
kroppen	1
livslangt	1
litteratur	1
gjeldskrise	1
lovende	1
spadetak	1
smart	1
herjer	1
yrkeslivet	1
demonstrasjonen	1
godet	1
oljehistorie	1
spilt	1
udugelighet	1
omtaler	1
bjørneboes	1
historiens	1
medisinen	1
prøvelse	1
naturkatastrofer	1
behold	1
klimaspørsmål	1
spandere	1
quisling	1
sommerferien	1
arbeidsledige	1
lyttere	1
thomassen	1
overforbruk	1
forvarsel	1
folkemengden	1
folkene	1
hoder	1
tromsø	1
gratulasjoner	1
ufrie	1
prioritert	1
kommentarer	1
sammenlignet	1
forkjøpet	1
tradisjonene	1
nordahl	1
regnes	1
bøyd	1
utøya	1
trenet	1
rustet	1
harmonerer	1
skades	1
gjentar	1
påført	1
beskyttes	1
statistikkene	1
fiendtlig	1
vanlige	1
næringsgrunnlag	1
strenger	1
senteret	1
spill	1
rostropovitsj	1
offiserer	1
tumler	1
forpliktelser	1
lest	1
magisk	1
ens	1
pengene	1
signet	1
folkeavstemning	1
utseende	1
pratet	1
oppstykket	1
forenklede	1
taust	1
nedbrente	1
giverglede	1
pippi	1
kjennetegnes	1
skatter	1
usvikelig	1
skyggen	1
bryet	1
slagkraft	1
slippe	1
utadvendt	1
motbakkene	1
samstemmighet	1
bæres	1
offentliges	1
jordens	1
overflod	1
kapittel	1
individuell	1
tildelingene	1
spissformulert	1
vennlighet	1
livsstil	1
langstrakte	1
carsten	1
skader	1
storbyen	1
dignity	1
hvile	1
jubileum	1
hedret	1
julepakker	1
øyeblikkene	1
tyngre	1
overlater	1
sluttstrek	1
forbilledlig	1
sildrende	1
oppsigelser	1
aktuell	1
penest	1
gjenoppdage	1
utdeling	1
true	1
høytidelige	1
lovfestes	1
etterspørselen	1
fornuftig	1
innsamling	1
kirke	1
satser	1
vond	1
avkall	1
kolbein	1
innrømmet	1
selvrespekten	1
prislappen	1
overdreven	1
grepet	1
nederlag	1
privilegert	1
modig	1
lå	1
mobiltelefonen	1
klimagasser	1
meningsfylte	1
sjansen	1
nyhetsbildet	1
ligge	1
nisser	1
oppgavene	1
uberørt	1
kommentere	1
oversette	1
bevegelser	1
besetningen	1
forhandlingene	1
andesfjellene	1
vinterleker	1
motet	1
gifte	1
oppgjør	1
tv	1
tenner	1
tomas	1
konkurranseidrett	1
redningstjeneste	1
dialoger	1
ønskes	1
fungerer	1
allierte	1
tilføre	1
jeg	1
hauge	1
oppdagelsesferd	1
barneran	1
merkedager	1
unik	1
bedømmer	1
begeistring	1
investere	1
volden	1
enkleste	1
foregående	1
særpreg	1
slottsparken	1
sotet	1
ettertid	1
friheter	1
nord-trøndelag	1
meningsløst	1
fotfestet	1
byes	1
fair	1
garderer	1
fremtidig	1
lyspunkt	1
biologiske	1
storflommen	1
bidro	1
alvorsprat	1
utøves	1
svartmale	1
antyder	1
typisk	1
strebet	1
idrettsinteresserte	1
klokskapen	1
uvesentlige	1
kvinnefrigjøring	1
tv-serie	1
reaksjonene	1
garanti	1
kvaliteter	1
overskrifter	1
snille	1
gjengitt	1
målbevisst	1
strider	1
gjerdet	1
offisielle	1
makter	1
flytting	1
bosetting	1
bistand	1
francois	1
glemmer	1
frimodighet	1
flertallet	1
behørig	1
livskvaliteten	1
lag	1
motsetning	1
forfattere	1
gror	1
reelle	1
kirker	1
ofrer	1
lignende	1
haiti	1
sykkel-vm	1
utnytte	1
utnytter	1
lik	1
andre	1
soldater	1
kommunevalget	1
småbedrifter	1
beredt	1
usas	1
trøstet	1
oppmerksomme	1
kronprinsessen	1
uvurderlig	1
håndfaste	1
dødsleirene	1
verdensutstillingen	1
eøs-avtalen	1
motiver	1
opprinnelig	1
forbød	1
fiskerinæringen	1
materiell	1
diplomatisk	1
kjeltringer	1
trakk	1
fartøyet	1
innfri	1
nettstedet	1
perspektiver	1
klubben	1
nedrustningsavtalen	1
plasseres	1
kastet	1
kjartan	1
skillet	1
kreftpasient	1
uutslettelig	1
heder	1
skitur	1
opphav	1
forplante	1
primære	1
friluftsliv	1
turen	1
gudshus	1
frys	1
troskap	1
samspillet	1
bygder	1
omveltningene	1
inneholder	1
miljøer	1
kronerulling	1
brannkorps	1
bygdene	1
demokratiforkjempere	1
bøsser	1
barnehjemsbarn	1
prat	1
påfølgende	1
uvennskap	1
tegnet	1
lier	1
storfamilien	1
symbolisere	1
høsten	1
flomkatastrofen	1
domkirken	1
datoen	1
produkter	1
målbar	1
kronprinsparets	1
velgående	1
rolig	1
flytte	1
hønefoss	1
problematikk	1
umotivert	1
årenes	1
oppførsel	1
makte	1
støv	1
livsoppgave	1
stahet	1
vante	1
usikker	1
erfare	1
tidsriktig	1
sture	1
ulage	1
forum	1
konflikten	1
profitt	1
europas	1
forvaltes	1
arbeidsuføre	1
helgeland	1
hus	1
signing	1
verdiforankring	1
overraskelser	1
misbruker	1
belyst	1
overstrødd	1
utlendinger	1
stykke	1
usannsynlige	1
journalist	1
forbildene	1
respektert	1
bevist	1
gassfunn	1
samfunnsborger	1
unektelig	1
barnekonvensjon	1
dom	1
integritet	1
vekker	1
paradoksalt	1
barnehage	1
butikken	1
oppdager	1
organiserer	1
arbeidende	1
ytterste	1
antallet	1
kofi	1
oppfyllelse	1
tråkkes	1
mangfoldsåret	1
stiftet	1
støvet	1
forverring	1
statsborgerskapet	1
anliggender	1
narkotikapolitikk	1
rusproblemer	1
råde	1
beveger	1
kanskje	1
international	1
handel	1
ritualet	1
normal	1
mangler	1
øvd	1
vinden	1
drivkraften	1
kunnskaper	1
alvdal	1
sammenliknet	1
matvareproduksjon	1
bestemte	1
narkotika	1
uvisshet	1
gjentas	1
rotløse	1
passasjerfergen	1
vanskeligste	1
århundre	1
skoletid	1
vill	1
leveranser	1
kår	1
videregående	1
besluttsomhet	1
rydde	1
verdenskjente	1
gods	1
støtter	1
døren	1
deltakelsen	1
havels	1
tryllestav	1
låner	1
reformasjonen	1
fremstå	1
koker	1
medmennesket	1
meldte	1
uviss	1
tale	1
fortellingen	1
blixen	1
vike	1
kompetansemiljøer	1
innesluttet	1
flommen	1
flertall	1
informasjonsteknologien	1
etterlyst	1
fysiske	1
schweitzer	1
skremmes	1
vidkun	1
forstås	1
gjenoppbyggingsarbeidet	1
betegnelsen	1
fellesverdier	1
førstehånds	1
narkotikahunder	1
fn-organisasjoner	1
jag	1
etterlyse	1
fremtidsrettede	1
kamparena	1
truslene	1
